{"rcAeroTorque":{"p42x2y1":-9.491202919690148e-5,"p42x3y0":4.179270272434271e-4,"p42x0y3":2.0455442709065077e-7,"p42x1y2":-8.911571197805778e-7,"p42x0y2":3.120562814518157e-5,"p42x1y3":1.9885662221305505e-9,"p42x2y0":-4.621464208221451e-3,"p42x3y1":-7.238733522754601e-7,"p42x0y4":-2.4327898543172923e-10,"p42x4y0":-5.047642467133018e-7,"p42x0y1":2.6262573093166377e-3,"p42x1y0":-7.816019101329587e-2,"p42x0y0":0.22061230182260935,"p42x1y1":4.24763234550883e-4,"p42x2y2":1.2005898494675427e-7},"rcAeroThrust":{"p42x2y1":6.312061680896836e-4,"p42x3y0":7.01091734657148e-4,"p42x0y3":1.0471775059002448e-5,"p42x1y2":-1.8542961572673436e-4,"p42x0y2":-3.9778443475025e-4,"p42x1y3":3.488708309391431e-7,"p42x2y0":-7.557356336368676e-2,"p42x3y1":1.5246370552384295e-5,"p42x0y4":-1.3132766559857783e-8,"p42x4y0":-4.497687925227621e-5,"p42x0y1":0.11575690003868407,"p42x1y0":-0.5090252236711389,"p42x0y0":-0.6361976716935963,"p42x1y1":5.573864357744798e-4,"p42x2y2":-3.190689539951381e-6}}